<?xml version="1.0" encoding="UTF-8" ?>
<HUDElements>
	<HUDElement r='33' g='244' b='244' name="arrowUp" type="indicator">
		<coordinate x='0' y='1'/>
		<coordinate x='1' y='0'/>
		<coordinate x='1' y='1'/>
	</HUDElement>
	<HUDElement r='33' g='244' b='244' name="arrowDown" type="indicator">
		<coordinate x='1' y='2'/>
		<coordinate x='0' y='1'/>
		<coordinate x='1' y='1'/>
	</HUDElement>
	<HUDElement r='33' g='244' b='244' name="ucp1" type="ucp" centreV="1" centreW="1">
		<coordinate x='1' y='0'/>
		<coordinate x='0' y='1'/>
		<coordinate x='0' y='2'/>
		<coordinate x='0' y='3'/>
		<coordinate x='1' y='4'/>
		<coordinate x='1' y='3'/>
		<coordinate x='2' y='2'/>
		<coordinate x='1' y='1'/>
		<coordinate x='1' y='2'/>
	</HUDElement>
	<HUDElement r='33' g='244' b='244' name="ucp2" type="ucp" centreV="1" centreW="1">
		<coordinate x='1' y='0'/>
		<coordinate x='0' y='1'/>
		<coordinate x='0' y='2'/>
		<coordinate x='0' y='3'/>
		<coordinate x='1' y='4'/>
		<coordinate x='1' y='3'/>
		<coordinate x='2' y='2'/>
		<coordinate x='1' y='1'/>
		<coordinate x='1' y='2'/>
	</HUDElement>
	<HUDElement r='33' g='244' b='244' name="ucp3" type="ucp" centreV="1" centreW="1">
		<coordinate x='1' y='0'/>
		<coordinate x='0' y='1'/>
		<coordinate x='0' y='2'/>
		<coordinate x='0' y='3'/>
		<coordinate x='1' y='4'/>
		<coordinate x='1' y='3'/>
		<coordinate x='2' y='2'/>
		<coordinate x='1' y='1'/>
		<coordinate x='1' y='2'/>
	</HUDElement>
</HUDElements>