<?xml version="1.0" encoding="UTF-8"?>
<ninjamovies>
	<ninjamovie link="drones">Amazon gaat voor drones.</ninjamovie>
	<ninjamovie link="music_for_life">Music For Life in de kou.</ninjamovie>
	<ninjamovie link="electrawinds">Vande Lanotte is beschuldigingen beu.</ninjamovie>
	<ninjamovie link="storm">Storm aan zee</ninjamovie>
	<ninjamovie link="soas">Aantal meldingen van soa's blijft stijgen
</ninjamovie>
	<ninjamovie link="rock_werchter">Nieuwe namen Rock Werchter</ninjamovie>
	<ninjamovie link="nelson_mandela">Nelson Mandela is overleden.</ninjamovie>
	<ninjamovie link="kanker">Mogelijke doorbraak in de behandeling van kanker.</ninjamovie>
	<ninjamovie link="graspop">51 namen aangekondigd voor Graspop</ninjamovie>
	<ninjamovie link="belgie_wk2014">De tegenstanders van België op het WK 2014</ninjamovie>
	<ninjamovie link="obama">8 Amerikaanse technologiebedrijven schrijven open brief naar Obama.</ninjamovie>
	<ninjamovie link="OHL">OH Leuven - Standard ontaard</ninjamovie>
	<ninjamovie link="syrie_jongeren">Jongen uit Vilvoorde overleden in Syrië.</ninjamovie>
	<ninjamovie link="electrawinds_bescherming">Het groenestroombedrijf #Electrawinds heeft bescherming aangevraagd tegen zijn #schuldeisers.</ninjamovie>
</ninjamovies>